DT,TBL_NM,PRD_DE,C1_NM,ITM_NM,C2_NM
17317258219,녹지율(시도/시/군/구),2008,전국,면적,도시지역
17420225241,녹지율(시도/시/군/구),2009,전국,면적,도시지역
17492203102,녹지율(시도/시/군/구),2010,전국,면적,도시지역
17558814700,녹지율(시도/시/군/구),2011,전국,면적,도시지역
17587130337,녹지율(시도/시/군/구),2012,전국,면적,도시지역
17593378293,녹지율(시도/시/군/구),2013,전국,면적,도시지역
17596849134,녹지율(시도/시/군/구),2014,전국,면적,도시지역
17613681961,녹지율(시도/시/군/구),2015,전국,면적,도시지역
17609522529,녹지율(시도/시/군/구),2016,전국,면적,도시지역
17635879004,녹지율(시도/시/군/구),2017,전국,면적,도시지역
17788926660,녹지율(시도/시/군/구),2018,전국,면적,도시지역
17763339465,녹지율(시도/시/군/구),2019,전국,면적,도시지역
17769135370,녹지율(시도/시/군/구),2020,전국,면적,도시지역
17786546574,녹지율(시도/시/군/구),2021,전국,면적,도시지역
17791754999,녹지율(시도/시/군/구),2022,전국,면적,도시지역
17589843385,녹지율(시도/시/군/구),2023,전국,면적,도시지역
12619619721,녹지율(시도/시/군/구),2008,전국,면적,녹지지역
12621061420,녹지율(시도/시/군/구),2009,전국,면적,녹지지역
12666463646,녹지율(시도/시/군/구),2010,전국,면적,녹지지역
12704226625,녹지율(시도/시/군/구),2011,전국,면적,녹지지역
12682078857,녹지율(시도/시/군/구),2012,전국,면적,녹지지역
12682832963,녹지율(시도/시/군/구),2013,전국,면적,녹지지역
12662057538,녹지율(시도/시/군/구),2014,전국,면적,녹지지역
12647111046,녹지율(시도/시/군/구),2015,전국,면적,녹지지역
12625688659,녹지율(시도/시/군/구),2016,전국,면적,녹지지역
12616653497,녹지율(시도/시/군/구),2017,전국,면적,녹지지역
12628463815,녹지율(시도/시/군/구),2018,전국,면적,녹지지역
12631888644,녹지율(시도/시/군/구),2019,전국,면적,녹지지역
12622450518,녹지율(시도/시/군/구),2020,전국,면적,녹지지역
12592483477,녹지율(시도/시/군/구),2021,전국,면적,녹지지역
12580824299,녹지율(시도/시/군/구),2022,전국,면적,녹지지역
12544815339,녹지율(시도/시/군/구),2023,전국,면적,녹지지역
72.87,녹지율(시도/시/군/구),2008,전국,비율,녹지지역
72.45,녹지율(시도/시/군/구),2009,전국,비율,녹지지역
72.41,녹지율(시도/시/군/구),2010,전국,비율,녹지지역
72.35,녹지율(시도/시/군/구),2011,전국,비율,녹지지역
72.11,녹지율(시도/시/군/구),2012,전국,비율,녹지지역
72.09,녹지율(시도/시/군/구),2013,전국,비율,녹지지역
71.96,녹지율(시도/시/군/구),2014,전국,비율,녹지지역
71.8,녹지율(시도/시/군/구),2015,전국,비율,녹지지역
71.7,녹지율(시도/시/군/구),2016,전국,비율,녹지지역
71.54,녹지율(시도/시/군/구),2017,전국,비율,녹지지역
70.99,녹지율(시도/시/군/구),2018,전국,비율,녹지지역
71.11,녹지율(시도/시/군/구),2019,전국,비율,녹지지역
71.04,녹지율(시도/시/군/구),2020,전국,비율,녹지지역
70.8,녹지율(시도/시/군/구),2021,전국,비율,녹지지역
70.71,녹지율(시도/시/군/구),2022,전국,비율,녹지지역
71.32,녹지율(시도/시/군/구),2023,전국,비율,녹지지역
605958000,녹지율(시도/시/군/구),2008,서울특별시,면적,도시지역
605958000,녹지율(시도/시/군/구),2009,서울특별시,면적,도시지역
605958000,녹지율(시도/시/군/구),2010,서울특별시,면적,도시지역
605958000,녹지율(시도/시/군/구),2011,서울특별시,면적,도시지역
605958000,녹지율(시도/시/군/구),2012,서울특별시,면적,도시지역
605961477,녹지율(시도/시/군/구),2013,서울특별시,면적,도시지역
606361456,녹지율(시도/시/군/구),2014,서울특별시,면적,도시지역
605267992,녹지율(시도/시/군/구),2015,서울특별시,면적,도시지역
606114295,녹지율(시도/시/군/구),2016,서울특별시,면적,도시지역
605597491,녹지율(시도/시/군/구),2017,서울특별시,면적,도시지역
605569314,녹지율(시도/시/군/구),2018,서울특별시,면적,도시지역
605512630,녹지율(시도/시/군/구),2019,서울특별시,면적,도시지역
605680193,녹지율(시도/시/군/구),2020,서울특별시,면적,도시지역
605680264,녹지율(시도/시/군/구),2021,서울특별시,면적,도시지역
605672952,녹지율(시도/시/군/구),2022,서울특별시,면적,도시지역
605673772,녹지율(시도/시/군/구),2023,서울특별시,면적,도시지역
244249800,녹지율(시도/시/군/구),2008,서울특별시,면적,녹지지역
244643584,녹지율(시도/시/군/구),2009,서울특별시,면적,녹지지역
242810549,녹지율(시도/시/군/구),2010,서울특별시,면적,녹지지역
242680124,녹지율(시도/시/군/구),2011,서울특별시,면적,녹지지역
242594040,녹지율(시도/시/군/구),2012,서울특별시,면적,녹지지역
241649982,녹지율(시도/시/군/구),2013,서울특별시,면적,녹지지역
241895036,녹지율(시도/시/군/구),2014,서울특별시,면적,녹지지역
243747702,녹지율(시도/시/군/구),2015,서울특별시,면적,녹지지역
241323140,녹지율(시도/시/군/구),2016,서울특별시,면적,녹지지역
234399725,녹지율(시도/시/군/구),2017,서울특별시,면적,녹지지역
234848783,녹지율(시도/시/군/구),2018,서울특별시,면적,녹지지역
234822576,녹지율(시도/시/군/구),2019,서울특별시,면적,녹지지역
234367642,녹지율(시도/시/군/구),2020,서울특별시,면적,녹지지역
233902078,녹지율(시도/시/군/구),2021,서울특별시,면적,녹지지역
233691182,녹지율(시도/시/군/구),2022,서울특별시,면적,녹지지역
233805758,녹지율(시도/시/군/구),2023,서울특별시,면적,녹지지역
40.31,녹지율(시도/시/군/구),2008,서울특별시,비율,녹지지역
40.37,녹지율(시도/시/군/구),2009,서울특별시,비율,녹지지역
40.07,녹지율(시도/시/군/구),2010,서울특별시,비율,녹지지역
40.05,녹지율(시도/시/군/구),2011,서울특별시,비율,녹지지역
40.03,녹지율(시도/시/군/구),2012,서울특별시,비율,녹지지역
39.88,녹지율(시도/시/군/구),2013,서울특별시,비율,녹지지역
39.89,녹지율(시도/시/군/구),2014,서울특별시,비율,녹지지역
40.27,녹지율(시도/시/군/구),2015,서울특별시,비율,녹지지역
39.81,녹지율(시도/시/군/구),2016,서울특별시,비율,녹지지역
38.71,녹지율(시도/시/군/구),2017,서울특별시,비율,녹지지역
38.78,녹지율(시도/시/군/구),2018,서울특별시,비율,녹지지역
38.78,녹지율(시도/시/군/구),2019,서울특별시,비율,녹지지역
38.69,녹지율(시도/시/군/구),2020,서울특별시,비율,녹지지역
38.62,녹지율(시도/시/군/구),2021,서울특별시,비율,녹지지역
38.58,녹지율(시도/시/군/구),2022,서울특별시,비율,녹지지역
38.6,녹지율(시도/시/군/구),2023,서울특별시,비율,녹지지역
946381728,녹지율(시도/시/군/구),2008,부산광역시,면적,도시지역
945518627,녹지율(시도/시/군/구),2009,부산광역시,면적,도시지역
943382552,녹지율(시도/시/군/구),2010,부산광역시,면적,도시지역
942982553,녹지율(시도/시/군/구),2011,부산광역시,면적,도시지역
943008858,녹지율(시도/시/군/구),2012,부산광역시,면적,도시지역
942972811,녹지율(시도/시/군/구),2013,부산광역시,면적,도시지역
940825057,녹지율(시도/시/군/구),2014,부산광역시,면적,도시지역
940825057,녹지율(시도/시/군/구),2015,부산광역시,면적,도시지역
940825056,녹지율(시도/시/군/구),2016,부산광역시,면적,도시지역
940825056,녹지율(시도/시/군/구),2017,부산광역시,면적,도시지역
940825058,녹지율(시도/시/군/구),2018,부산광역시,면적,도시지역
940825058,녹지율(시도/시/군/구),2019,부산광역시,면적,도시지역
940825055,녹지율(시도/시/군/구),2020,부산광역시,면적,도시지역
940825971,녹지율(시도/시/군/구),2021,부산광역시,면적,도시지역
940844566,녹지율(시도/시/군/구),2022,부산광역시,면적,도시지역
940825056,녹지율(시도/시/군/구),2023,부산광역시,면적,도시지역
577440464,녹지율(시도/시/군/구),2008,부산광역시,면적,녹지지역
577305021,녹지율(시도/시/군/구),2009,부산광역시,면적,녹지지역
576508531,녹지율(시도/시/군/구),2010,부산광역시,면적,녹지지역
563200624,녹지율(시도/시/군/구),2011,부산광역시,면적,녹지지역
560662775,녹지율(시도/시/군/구),2012,부산광역시,면적,녹지지역
555902452,녹지율(시도/시/군/구),2013,부산광역시,면적,녹지지역
554765334,녹지율(시도/시/군/구),2014,부산광역시,면적,녹지지역
547118411,녹지율(시도/시/군/구),2015,부산광역시,면적,녹지지역
546836972,녹지율(시도/시/군/구),2016,부산광역시,면적,녹지지역
546225644,녹지율(시도/시/군/구),2017,부산광역시,면적,녹지지역
546228649,녹지율(시도/시/군/구),2018,부산광역시,면적,녹지지역
544747568,녹지율(시도/시/군/구),2019,부산광역시,면적,녹지지역
544711620,녹지율(시도/시/군/구),2020,부산광역시,면적,녹지지역
544872774,녹지율(시도/시/군/구),2021,부산광역시,면적,녹지지역
543569407,녹지율(시도/시/군/구),2022,부산광역시,면적,녹지지역
543390841,녹지율(시도/시/군/구),2023,부산광역시,면적,녹지지역
61.02,녹지율(시도/시/군/구),2008,부산광역시,비율,녹지지역
61.06,녹지율(시도/시/군/구),2009,부산광역시,비율,녹지지역
61.11,녹지율(시도/시/군/구),2010,부산광역시,비율,녹지지역
59.73,녹지율(시도/시/군/구),2011,부산광역시,비율,녹지지역
59.45,녹지율(시도/시/군/구),2012,부산광역시,비율,녹지지역
58.95,녹지율(시도/시/군/구),2013,부산광역시,비율,녹지지역
58.97,녹지율(시도/시/군/구),2014,부산광역시,비율,녹지지역
58.15,녹지율(시도/시/군/구),2015,부산광역시,비율,녹지지역
58.12,녹지율(시도/시/군/구),2016,부산광역시,비율,녹지지역
58.06,녹지율(시도/시/군/구),2017,부산광역시,비율,녹지지역
58.06,녹지율(시도/시/군/구),2018,부산광역시,비율,녹지지역
57.9,녹지율(시도/시/군/구),2019,부산광역시,비율,녹지지역
57.9,녹지율(시도/시/군/구),2020,부산광역시,비율,녹지지역
57.91,녹지율(시도/시/군/구),2021,부산광역시,비율,녹지지역
57.77,녹지율(시도/시/군/구),2022,부산광역시,비율,녹지지역
57.76,녹지율(시도/시/군/구),2023,부산광역시,비율,녹지지역
798504995,녹지율(시도/시/군/구),2008,대구광역시,면적,도시지역
798467527,녹지율(시도/시/군/구),2009,대구광역시,면적,도시지역
798498469,녹지율(시도/시/군/구),2010,대구광역시,면적,도시지역
798083296,녹지율(시도/시/군/구),2011,대구광역시,면적,도시지역
798032488,녹지율(시도/시/군/구),2012,대구광역시,면적,도시지역
797883045,녹지율(시도/시/군/구),2013,대구광역시,면적,도시지역
797940177,녹지율(시도/시/군/구),2014,대구광역시,면적,도시지역
797962749,녹지율(시도/시/군/구),2015,대구광역시,면적,도시지역
797969025,녹지율(시도/시/군/구),2016,대구광역시,면적,도시지역
798003179,녹지율(시도/시/군/구),2017,대구광역시,면적,도시지역
797919337,녹지율(시도/시/군/구),2018,대구광역시,면적,도시지역
799328917,녹지율(시도/시/군/구),2019,대구광역시,면적,도시지역
799299015,녹지율(시도/시/군/구),2020,대구광역시,면적,도시지역
799509757,녹지율(시도/시/군/구),2021,대구광역시,면적,도시지역
801033747,녹지율(시도/시/군/구),2022,대구광역시,면적,도시지역
808195732,녹지율(시도/시/군/구),2023,대구광역시,면적,도시지역
629340392,녹지율(시도/시/군/구),2008,대구광역시,면적,녹지지역
621461579,녹지율(시도/시/군/구),2009,대구광역시,면적,녹지지역
621018843,녹지율(시도/시/군/구),2010,대구광역시,면적,녹지지역
619983037,녹지율(시도/시/군/구),2011,대구광역시,면적,녹지지역
619315226,녹지율(시도/시/군/구),2012,대구광역시,면적,녹지지역
618710307,녹지율(시도/시/군/구),2013,대구광역시,면적,녹지지역
618782830,녹지율(시도/시/군/구),2014,대구광역시,면적,녹지지역
617924513,녹지율(시도/시/군/구),2015,대구광역시,면적,녹지지역
617685996,녹지율(시도/시/군/구),2016,대구광역시,면적,녹지지역
617607324,녹지율(시도/시/군/구),2017,대구광역시,면적,녹지지역
617503124,녹지율(시도/시/군/구),2018,대구광역시,면적,녹지지역
618689902,녹지율(시도/시/군/구),2019,대구광역시,면적,녹지지역
618124429,녹지율(시도/시/군/구),2020,대구광역시,면적,녹지지역
618303816,녹지율(시도/시/군/구),2021,대구광역시,면적,녹지지역
619827688,녹지율(시도/시/군/구),2022,대구광역시,면적,녹지지역
625583154,녹지율(시도/시/군/구),2023,대구광역시,면적,녹지지역
78.81,녹지율(시도/시/군/구),2008,대구광역시,비율,녹지지역
77.83,녹지율(시도/시/군/구),2009,대구광역시,비율,녹지지역
77.77,녹지율(시도/시/군/구),2010,대구광역시,비율,녹지지역
77.68,녹지율(시도/시/군/구),2011,대구광역시,비율,녹지지역
77.61,녹지율(시도/시/군/구),2012,대구광역시,비율,녹지지역
77.54,녹지율(시도/시/군/구),2013,대구광역시,비율,녹지지역
77.55,녹지율(시도/시/군/구),2014,대구광역시,비율,녹지지역
77.44,녹지율(시도/시/군/구),2015,대구광역시,비율,녹지지역
77.41,녹지율(시도/시/군/구),2016,대구광역시,비율,녹지지역
77.39,녹지율(시도/시/군/구),2017,대구광역시,비율,녹지지역
77.39,녹지율(시도/시/군/구),2018,대구광역시,비율,녹지지역
77.4,녹지율(시도/시/군/구),2019,대구광역시,비율,녹지지역
77.33,녹지율(시도/시/군/구),2020,대구광역시,비율,녹지지역
77.34,녹지율(시도/시/군/구),2021,대구광역시,비율,녹지지역
77.38,녹지율(시도/시/군/구),2022,대구광역시,비율,녹지지역
77.4,녹지율(시도/시/군/구),2023,대구광역시,비율,녹지지역
560455329,녹지율(시도/시/군/구),2008,인천광역시,면적,도시지역
570484285,녹지율(시도/시/군/구),2009,인천광역시,면적,도시지역
585334610,녹지율(시도/시/군/구),2010,인천광역시,면적,도시지역
585318598,녹지율(시도/시/군/구),2011,인천광역시,면적,도시지역
582516972,녹지율(시도/시/군/구),2012,인천광역시,면적,도시지역
579949330,녹지율(시도/시/군/구),2013,인천광역시,면적,도시지역
576020846,녹지율(시도/시/군/구),2014,인천광역시,면적,도시지역
575396743,녹지율(시도/시/군/구),2015,인천광역시,면적,도시지역
580154144,녹지율(시도/시/군/구),2016,인천광역시,면적,도시지역
580144347,녹지율(시도/시/군/구),2017,인천광역시,면적,도시지역
579740346,녹지율(시도/시/군/구),2018,인천광역시,면적,도시지역
529642905,녹지율(시도/시/군/구),2019,인천광역시,면적,도시지역
529650659,녹지율(시도/시/군/구),2020,인천광역시,면적,도시지역
529699653,녹지율(시도/시/군/구),2021,인천광역시,면적,도시지역
527855326,녹지율(시도/시/군/구),2022,인천광역시,면적,도시지역
512816173,녹지율(시도/시/군/구),2023,인천광역시,면적,도시지역
294712866,녹지율(시도/시/군/구),2008,인천광역시,면적,녹지지역
299019689,녹지율(시도/시/군/구),2009,인천광역시,면적,녹지지역
293682113,녹지율(시도/시/군/구),2010,인천광역시,면적,녹지지역
299359769,녹지율(시도/시/군/구),2011,인천광역시,면적,녹지지역
285631826,녹지율(시도/시/군/구),2012,인천광역시,면적,녹지지역
289698022,녹지율(시도/시/군/구),2013,인천광역시,면적,녹지지역
287897741,녹지율(시도/시/군/구),2014,인천광역시,면적,녹지지역
287013622,녹지율(시도/시/군/구),2015,인천광역시,면적,녹지지역
288532419,녹지율(시도/시/군/구),2016,인천광역시,면적,녹지지역
288485833,녹지율(시도/시/군/구),2017,인천광역시,면적,녹지지역
287669507,녹지율(시도/시/군/구),2018,인천광역시,면적,녹지지역
294604259,녹지율(시도/시/군/구),2019,인천광역시,면적,녹지지역
293991224,녹지율(시도/시/군/구),2020,인천광역시,면적,녹지지역
293658058,녹지율(시도/시/군/구),2021,인천광역시,면적,녹지지역
294153917,녹지율(시도/시/군/구),2022,인천광역시,면적,녹지지역
291446721,녹지율(시도/시/군/구),2023,인천광역시,면적,녹지지역
52.58,녹지율(시도/시/군/구),2008,인천광역시,비율,녹지지역
52.42,녹지율(시도/시/군/구),2009,인천광역시,비율,녹지지역
50.17,녹지율(시도/시/군/구),2010,인천광역시,비율,녹지지역
51.14,녹지율(시도/시/군/구),2011,인천광역시,비율,녹지지역
49.03,녹지율(시도/시/군/구),2012,인천광역시,비율,녹지지역
49.95,녹지율(시도/시/군/구),2013,인천광역시,비율,녹지지역
49.98,녹지율(시도/시/군/구),2014,인천광역시,비율,녹지지역
49.88,녹지율(시도/시/군/구),2015,인천광역시,비율,녹지지역
49.73,녹지율(시도/시/군/구),2016,인천광역시,비율,녹지지역
49.73,녹지율(시도/시/군/구),2017,인천광역시,비율,녹지지역
49.62,녹지율(시도/시/군/구),2018,인천광역시,비율,녹지지역
55.62,녹지율(시도/시/군/구),2019,인천광역시,비율,녹지지역
55.51,녹지율(시도/시/군/구),2020,인천광역시,비율,녹지지역
55.44,녹지율(시도/시/군/구),2021,인천광역시,비율,녹지지역
55.73,녹지율(시도/시/군/구),2022,인천광역시,비율,녹지지역
56.83,녹지율(시도/시/군/구),2023,인천광역시,비율,녹지지역
478210854,녹지율(시도/시/군/구),2008,광주광역시,면적,도시지역
480117230,녹지율(시도/시/군/구),2009,광주광역시,면적,도시지역
480108790,녹지율(시도/시/군/구),2010,광주광역시,면적,도시지역
480053716,녹지율(시도/시/군/구),2011,광주광역시,면적,도시지역
480053747,녹지율(시도/시/군/구),2012,광주광역시,면적,도시지역
480050517,녹지율(시도/시/군/구),2013,광주광역시,면적,도시지역
480050517,녹지율(시도/시/군/구),2014,광주광역시,면적,도시지역
480050517,녹지율(시도/시/군/구),2015,광주광역시,면적,도시지역
481554450,녹지율(시도/시/군/구),2016,광주광역시,면적,도시지역
480047663,녹지율(시도/시/군/구),2017,광주광역시,면적,도시지역
480053767,녹지율(시도/시/군/구),2018,광주광역시,면적,도시지역
480002734,녹지율(시도/시/군/구),2019,광주광역시,면적,도시지역
480081726,녹지율(시도/시/군/구),2020,광주광역시,면적,도시지역
479978979,녹지율(시도/시/군/구),2021,광주광역시,면적,도시지역
479890096,녹지율(시도/시/군/구),2022,광주광역시,면적,도시지역
479838049,녹지율(시도/시/군/구),2023,광주광역시,면적,도시지역
374029891,녹지율(시도/시/군/구),2008,광주광역시,면적,녹지지역
372905640,녹지율(시도/시/군/구),2009,광주광역시,면적,녹지지역
372900880,녹지율(시도/시/군/구),2010,광주광역시,면적,녹지지역
372820458,녹지율(시도/시/군/구),2011,광주광역시,면적,녹지지역
372735896,녹지율(시도/시/군/구),2012,광주광역시,면적,녹지지역
372694291,녹지율(시도/시/군/구),2013,광주광역시,면적,녹지지역
372694291,녹지율(시도/시/군/구),2014,광주광역시,면적,녹지지역
372694291,녹지율(시도/시/군/구),2015,광주광역시,면적,녹지지역
361312180,녹지율(시도/시/군/구),2016,광주광역시,면적,녹지지역
359844811,녹지율(시도/시/군/구),2017,광주광역시,면적,녹지지역
358764406,녹지율(시도/시/군/구),2018,광주광역시,면적,녹지지역
358713372,녹지율(시도/시/군/구),2019,광주광역시,면적,녹지지역
357681289,녹지율(시도/시/군/구),2020,광주광역시,면적,녹지지역
357485576,녹지율(시도/시/군/구),2021,광주광역시,면적,녹지지역
357196034,녹지율(시도/시/군/구),2022,광주광역시,면적,녹지지역
356579415,녹지율(시도/시/군/구),2023,광주광역시,면적,녹지지역
78.21,녹지율(시도/시/군/구),2008,광주광역시,비율,녹지지역
77.67,녹지율(시도/시/군/구),2009,광주광역시,비율,녹지지역
77.67,녹지율(시도/시/군/구),2010,광주광역시,비율,녹지지역
77.66,녹지율(시도/시/군/구),2011,광주광역시,비율,녹지지역
77.64,녹지율(시도/시/군/구),2012,광주광역시,비율,녹지지역
77.64,녹지율(시도/시/군/구),2013,광주광역시,비율,녹지지역
77.64,녹지율(시도/시/군/구),2014,광주광역시,비율,녹지지역
77.64,녹지율(시도/시/군/구),2015,광주광역시,비율,녹지지역
75.03,녹지율(시도/시/군/구),2016,광주광역시,비율,녹지지역
74.96,녹지율(시도/시/군/구),2017,광주광역시,비율,녹지지역
74.73,녹지율(시도/시/군/구),2018,광주광역시,비율,녹지지역
74.73,녹지율(시도/시/군/구),2019,광주광역시,비율,녹지지역
74.5,녹지율(시도/시/군/구),2020,광주광역시,비율,녹지지역
74.48,녹지율(시도/시/군/구),2021,광주광역시,비율,녹지지역
74.43,녹지율(시도/시/군/구),2022,광주광역시,비율,녹지지역
74.31,녹지율(시도/시/군/구),2023,광주광역시,비율,녹지지역
494959003,녹지율(시도/시/군/구),2008,대전광역시,면적,도시지역
494959003,녹지율(시도/시/군/구),2009,대전광역시,면적,도시지역
494958998,녹지율(시도/시/군/구),2010,대전광역시,면적,도시지역
494957058,녹지율(시도/시/군/구),2011,대전광역시,면적,도시지역
494957655,녹지율(시도/시/군/구),2012,대전광역시,면적,도시지역
495269034,녹지율(시도/시/군/구),2013,대전광역시,면적,도시지역
495258867,녹지율(시도/시/군/구),2014,대전광역시,면적,도시지역
495546287,녹지율(시도/시/군/구),2015,대전광역시,면적,도시지역
495546287,녹지율(시도/시/군/구),2016,대전광역시,면적,도시지역
495546171,녹지율(시도/시/군/구),2017,대전광역시,면적,도시지역
495818299,녹지율(시도/시/군/구),2018,대전광역시,면적,도시지역
496123890,녹지율(시도/시/군/구),2019,대전광역시,면적,도시지역
496123890,녹지율(시도/시/군/구),2020,대전광역시,면적,도시지역
496123890,녹지율(시도/시/군/구),2021,대전광역시,면적,도시지역
496123890,녹지율(시도/시/군/구),2022,대전광역시,면적,도시지역
496123890,녹지율(시도/시/군/구),2023,대전광역시,면적,도시지역
402388482,녹지율(시도/시/군/구),2008,대전광역시,면적,녹지지역
401845953,녹지율(시도/시/군/구),2009,대전광역시,면적,녹지지역
401760781,녹지율(시도/시/군/구),2010,대전광역시,면적,녹지지역
402122320,녹지율(시도/시/군/구),2011,대전광역시,면적,녹지지역
401742866,녹지율(시도/시/군/구),2012,대전광역시,면적,녹지지역
401818078,녹지율(시도/시/군/구),2013,대전광역시,면적,녹지지역
401802814,녹지율(시도/시/군/구),2014,대전광역시,면적,녹지지역
401052112,녹지율(시도/시/군/구),2015,대전광역시,면적,녹지지역
400967442,녹지율(시도/시/군/구),2016,대전광역시,면적,녹지지역
400939211,녹지율(시도/시/군/구),2017,대전광역시,면적,녹지지역
402981331,녹지율(시도/시/군/구),2018,대전광역시,면적,녹지지역
399318255,녹지율(시도/시/군/구),2019,대전광역시,면적,녹지지역
399332875,녹지율(시도/시/군/구),2020,대전광역시,면적,녹지지역
399332875,녹지율(시도/시/군/구),2021,대전광역시,면적,녹지지역
399332875,녹지율(시도/시/군/구),2022,대전광역시,면적,녹지지역
399332875,녹지율(시도/시/군/구),2023,대전광역시,면적,녹지지역
81.3,녹지율(시도/시/군/구),2008,대전광역시,비율,녹지지역
81.19,녹지율(시도/시/군/구),2009,대전광역시,비율,녹지지역
81.17,녹지율(시도/시/군/구),2010,대전광역시,비율,녹지지역
81.24,녹지율(시도/시/군/구),2011,대전광역시,비율,녹지지역
81.17,녹지율(시도/시/군/구),2012,대전광역시,비율,녹지지역
81.13,녹지율(시도/시/군/구),2013,대전광역시,비율,녹지지역
81.13,녹지율(시도/시/군/구),2014,대전광역시,비율,녹지지역
80.93,녹지율(시도/시/군/구),2015,대전광역시,비율,녹지지역
80.91,녹지율(시도/시/군/구),2016,대전광역시,비율,녹지지역
80.91,녹지율(시도/시/군/구),2017,대전광역시,비율,녹지지역
81.28,녹지율(시도/시/군/구),2018,대전광역시,비율,녹지지역
80.49,녹지율(시도/시/군/구),2019,대전광역시,비율,녹지지역
80.49,녹지율(시도/시/군/구),2020,대전광역시,비율,녹지지역
80.49,녹지율(시도/시/군/구),2021,대전광역시,비율,녹지지역
80.49,녹지율(시도/시/군/구),2022,대전광역시,비율,녹지지역
80.49,녹지율(시도/시/군/구),2023,대전광역시,비율,녹지지역
751223848,녹지율(시도/시/군/구),2008,울산광역시,면적,도시지역
753469238,녹지율(시도/시/군/구),2009,울산광역시,면적,도시지역
755429960,녹지율(시도/시/군/구),2010,울산광역시,면적,도시지역
755424849,녹지율(시도/시/군/구),2011,울산광역시,면적,도시지역
755133152,녹지율(시도/시/군/구),2012,울산광역시,면적,도시지역
755136776,녹지율(시도/시/군/구),2013,울산광역시,면적,도시지역
755598443,녹지율(시도/시/군/구),2014,울산광역시,면적,도시지역
755550507,녹지율(시도/시/군/구),2015,울산광역시,면적,도시지역
755545355,녹지율(시도/시/군/구),2016,울산광역시,면적,도시지역
755551876,녹지율(시도/시/군/구),2017,울산광역시,면적,도시지역
755545356,녹지율(시도/시/군/구),2018,울산광역시,면적,도시지역
755545353,녹지율(시도/시/군/구),2019,울산광역시,면적,도시지역
761731893,녹지율(시도/시/군/구),2020,울산광역시,면적,도시지역
764204857,녹지율(시도/시/군/구),2021,울산광역시,면적,도시지역
764212886,녹지율(시도/시/군/구),2022,울산광역시,면적,도시지역
671649337,녹지율(시도/시/군/구),2023,울산광역시,면적,도시지역
531865745,녹지율(시도/시/군/구),2008,울산광역시,면적,녹지지역
528267313,녹지율(시도/시/군/구),2009,울산광역시,면적,녹지지역
526179571,녹지율(시도/시/군/구),2010,울산광역시,면적,녹지지역
525813991,녹지율(시도/시/군/구),2011,울산광역시,면적,녹지지역
517912630,녹지율(시도/시/군/구),2012,울산광역시,면적,녹지지역
516894965,녹지율(시도/시/군/구),2013,울산광역시,면적,녹지지역
516314824,녹지율(시도/시/군/구),2014,울산광역시,면적,녹지지역
515739580,녹지율(시도/시/군/구),2015,울산광역시,면적,녹지지역
514751496,녹지율(시도/시/군/구),2016,울산광역시,면적,녹지지역
515285813,녹지율(시도/시/군/구),2017,울산광역시,면적,녹지지역
515078500,녹지율(시도/시/군/구),2018,울산광역시,면적,녹지지역
515264441,녹지율(시도/시/군/구),2019,울산광역시,면적,녹지지역
522035487,녹지율(시도/시/군/구),2020,울산광역시,면적,녹지지역
519945191,녹지율(시도/시/군/구),2021,울산광역시,면적,녹지지역
519620724,녹지율(시도/시/군/구),2022,울산광역시,면적,녹지지역
510647183,녹지율(시도/시/군/구),2023,울산광역시,면적,녹지지역
70.8,녹지율(시도/시/군/구),2008,울산광역시,비율,녹지지역
70.11,녹지율(시도/시/군/구),2009,울산광역시,비율,녹지지역
69.65,녹지율(시도/시/군/구),2010,울산광역시,비율,녹지지역
69.61,녹지율(시도/시/군/구),2011,울산광역시,비율,녹지지역
68.59,녹지율(시도/시/군/구),2012,울산광역시,비율,녹지지역
68.45,녹지율(시도/시/군/구),2013,울산광역시,비율,녹지지역
68.33,녹지율(시도/시/군/구),2014,울산광역시,비율,녹지지역
68.26,녹지율(시도/시/군/구),2015,울산광역시,비율,녹지지역
68.13,녹지율(시도/시/군/구),2016,울산광역시,비율,녹지지역
68.2,녹지율(시도/시/군/구),2017,울산광역시,비율,녹지지역
68.17,녹지율(시도/시/군/구),2018,울산광역시,비율,녹지지역
68.2,녹지율(시도/시/군/구),2019,울산광역시,비율,녹지지역
68.53,녹지율(시도/시/군/구),2020,울산광역시,비율,녹지지역
68.04,녹지율(시도/시/군/구),2021,울산광역시,비율,녹지지역
67.99,녹지율(시도/시/군/구),2022,울산광역시,비율,녹지지역
76.03,녹지율(시도/시/군/구),2023,울산광역시,비율,녹지지역
3236168746,녹지율(시도/시/군/구),2008,경기도,면적,도시지역
3239452978,녹지율(시도/시/군/구),2009,경기도,면적,도시지역
3264237533,녹지율(시도/시/군/구),2010,경기도,면적,도시지역
3330278692,녹지율(시도/시/군/구),2011,경기도,면적,도시지역
3331056000,녹지율(시도/시/군/구),2012,경기도,면적,도시지역
3339583747,녹지율(시도/시/군/구),2013,경기도,면적,도시지역
3348294610,녹지율(시도/시/군/구),2014,경기도,면적,도시지역
3357453240,녹지율(시도/시/군/구),2015,경기도,면적,도시지역
3367486105,녹지율(시도/시/군/구),2016,경기도,면적,도시지역
3371075153,녹지율(시도/시/군/구),2017,경기도,면적,도시지역
3376013136,녹지율(시도/시/군/구),2018,경기도,면적,도시지역
3377274307,녹지율(시도/시/군/구),2019,경기도,면적,도시지역
3378712218,녹지율(시도/시/군/구),2020,경기도,면적,도시지역
3385441488,녹지율(시도/시/군/구),2021,경기도,면적,도시지역
3386898994,녹지율(시도/시/군/구),2022,경기도,면적,도시지역
3370827754,녹지율(시도/시/군/구),2023,경기도,면적,도시지역
2574548407,녹지율(시도/시/군/구),2008,경기도,면적,녹지지역
2590446155,녹지율(시도/시/군/구),2009,경기도,면적,녹지지역
2570617120,녹지율(시도/시/군/구),2010,경기도,면적,녹지지역
2624121608,녹지율(시도/시/군/구),2011,경기도,면적,녹지지역
2617993548,녹지율(시도/시/군/구),2012,경기도,면적,녹지지역
2613340929,녹지율(시도/시/군/구),2013,경기도,면적,녹지지역
2608324142,녹지율(시도/시/군/구),2014,경기도,면적,녹지지역
2610369452,녹지율(시도/시/군/구),2015,경기도,면적,녹지지역
2609977121,녹지율(시도/시/군/구),2016,경기도,면적,녹지지역
2609046640,녹지율(시도/시/군/구),2017,경기도,면적,녹지지역
2609090987,녹지율(시도/시/군/구),2018,경기도,면적,녹지지역
2603756858,녹지율(시도/시/군/구),2019,경기도,면적,녹지지역
2600686964,녹지율(시도/시/군/구),2020,경기도,면적,녹지지역
2579325673,녹지율(시도/시/군/구),2021,경기도,면적,녹지지역
2575728972,녹지율(시도/시/군/구),2022,경기도,면적,녹지지역
2555858725,녹지율(시도/시/군/구),2023,경기도,면적,녹지지역
79.56,녹지율(시도/시/군/구),2008,경기도,비율,녹지지역
79.97,녹지율(시도/시/군/구),2009,경기도,비율,녹지지역
78.75,녹지율(시도/시/군/구),2010,경기도,비율,녹지지역
78.8,녹지율(시도/시/군/구),2011,경기도,비율,녹지지역
78.59,녹지율(시도/시/군/구),2012,경기도,비율,녹지지역
78.25,녹지율(시도/시/군/구),2013,경기도,비율,녹지지역
77.9,녹지율(시도/시/군/구),2014,경기도,비율,녹지지역
77.75,녹지율(시도/시/군/구),2015,경기도,비율,녹지지역
77.51,녹지율(시도/시/군/구),2016,경기도,비율,녹지지역
77.4,녹지율(시도/시/군/구),2017,경기도,비율,녹지지역
77.28,녹지율(시도/시/군/구),2018,경기도,비율,녹지지역
77.1,녹지율(시도/시/군/구),2019,경기도,비율,녹지지역
76.97,녹지율(시도/시/군/구),2020,경기도,비율,녹지지역
76.19,녹지율(시도/시/군/구),2021,경기도,비율,녹지지역
76.05,녹지율(시도/시/군/구),2022,경기도,비율,녹지지역
75.82,녹지율(시도/시/군/구),2023,경기도,비율,녹지지역
992883080,녹지율(시도/시/군/구),2008,강원특별자치도,면적,도시지역
994892241,녹지율(시도/시/군/구),2009,강원특별자치도,면적,도시지역
1009506443,녹지율(시도/시/군/구),2010,강원특별자치도,면적,도시지역
1012011361,녹지율(시도/시/군/구),2011,강원특별자치도,면적,도시지역
1016937071,녹지율(시도/시/군/구),2012,강원특별자치도,면적,도시지역
1022102313,녹지율(시도/시/군/구),2013,강원특별자치도,면적,도시지역
1022114847,녹지율(시도/시/군/구),2014,강원특별자치도,면적,도시지역
1022563285,녹지율(시도/시/군/구),2015,강원특별자치도,면적,도시지역
1027198470,녹지율(시도/시/군/구),2016,강원특별자치도,면적,도시지역
1027228237,녹지율(시도/시/군/구),2017,강원특별자치도,면적,도시지역
1028778399,녹지율(시도/시/군/구),2018,강원특별자치도,면적,도시지역
1028522877,녹지율(시도/시/군/구),2019,강원특별자치도,면적,도시지역
1029687366,녹지율(시도/시/군/구),2020,강원특별자치도,면적,도시지역
1030004376,녹지율(시도/시/군/구),2021,강원특별자치도,면적,도시지역
1030008274,녹지율(시도/시/군/구),2022,강원특별자치도,면적,도시지역
1004738631,녹지율(시도/시/군/구),2023,강원특별자치도,면적,도시지역
794229491,녹지율(시도/시/군/구),2008,강원특별자치도,면적,녹지지역
793749561,녹지율(시도/시/군/구),2009,강원특별자치도,면적,녹지지역
790907463,녹지율(시도/시/군/구),2010,강원특별자치도,면적,녹지지역
790379370,녹지율(시도/시/군/구),2011,강원특별자치도,면적,녹지지역
793075663,녹지율(시도/시/군/구),2012,강원특별자치도,면적,녹지지역
796174959,녹지율(시도/시/군/구),2013,강원특별자치도,면적,녹지지역
795380297,녹지율(시도/시/군/구),2014,강원특별자치도,면적,녹지지역
794860369,녹지율(시도/시/군/구),2015,강원특별자치도,면적,녹지지역
796360419,녹지율(시도/시/군/구),2016,강원특별자치도,면적,녹지지역
795311127,녹지율(시도/시/군/구),2017,강원특별자치도,면적,녹지지역
794355604,녹지율(시도/시/군/구),2018,강원특별자치도,면적,녹지지역
793902730,녹지율(시도/시/군/구),2019,강원특별자치도,면적,녹지지역
794017929,녹지율(시도/시/군/구),2020,강원특별자치도,면적,녹지지역
794197506,녹지율(시도/시/군/구),2021,강원특별자치도,면적,녹지지역
794115753,녹지율(시도/시/군/구),2022,강원특별자치도,면적,녹지지역
793264771,녹지율(시도/시/군/구),2023,강원특별자치도,면적,녹지지역
79.99,녹지율(시도/시/군/구),2008,강원특별자치도,비율,녹지지역
79.78,녹지율(시도/시/군/구),2009,강원특별자치도,비율,녹지지역
78.35,녹지율(시도/시/군/구),2010,강원특별자치도,비율,녹지지역
78.1,녹지율(시도/시/군/구),2011,강원특별자치도,비율,녹지지역
77.99,녹지율(시도/시/군/구),2012,강원특별자치도,비율,녹지지역
77.9,녹지율(시도/시/군/구),2013,강원특별자치도,비율,녹지지역
77.82,녹지율(시도/시/군/구),2014,강원특별자치도,비율,녹지지역
77.73,녹지율(시도/시/군/구),2015,강원특별자치도,비율,녹지지역
77.53,녹지율(시도/시/군/구),2016,강원특별자치도,비율,녹지지역
77.42,녹지율(시도/시/군/구),2017,강원특별자치도,비율,녹지지역
77.21,녹지율(시도/시/군/구),2018,강원특별자치도,비율,녹지지역
77.19,녹지율(시도/시/군/구),2019,강원특별자치도,비율,녹지지역
77.11,녹지율(시도/시/군/구),2020,강원특별자치도,비율,녹지지역
77.11,녹지율(시도/시/군/구),2021,강원특별자치도,비율,녹지지역
77.1,녹지율(시도/시/군/구),2022,강원특별자치도,비율,녹지지역
78.95,녹지율(시도/시/군/구),2023,강원특별자치도,비율,녹지지역
702865994,녹지율(시도/시/군/구),2008,충청북도,면적,도시지역
701215254,녹지율(시도/시/군/구),2009,충청북도,면적,도시지역
713444373,녹지율(시도/시/군/구),2010,충청북도,면적,도시지역
720428687,녹지율(시도/시/군/구),2011,충청북도,면적,도시지역
721366215,녹지율(시도/시/군/구),2012,충청북도,면적,도시지역
722209388,녹지율(시도/시/군/구),2013,충청북도,면적,도시지역
723468372,녹지율(시도/시/군/구),2014,충청북도,면적,도시지역
724529846,녹지율(시도/시/군/구),2015,충청북도,면적,도시지역
729047038,녹지율(시도/시/군/구),2016,충청북도,면적,도시지역
731347938,녹지율(시도/시/군/구),2017,충청북도,면적,도시지역
731003419,녹지율(시도/시/군/구),2018,충청북도,면적,도시지역
735737985,녹지율(시도/시/군/구),2019,충청북도,면적,도시지역
736252276,녹지율(시도/시/군/구),2020,충청북도,면적,도시지역
737094363,녹지율(시도/시/군/구),2021,충청북도,면적,도시지역
738111394,녹지율(시도/시/군/구),2022,충청북도,면적,도시지역
745234827,녹지율(시도/시/군/구),2023,충청북도,면적,도시지역
567392593,녹지율(시도/시/군/구),2008,충청북도,면적,녹지지역
564546853,녹지율(시도/시/군/구),2009,충청북도,면적,녹지지역
566539850,녹지율(시도/시/군/구),2010,충청북도,면적,녹지지역
568607056,녹지율(시도/시/군/구),2011,충청북도,면적,녹지지역
568268851,녹지율(시도/시/군/구),2012,충청북도,면적,녹지지역
567983110,녹지율(시도/시/군/구),2013,충청북도,면적,녹지지역
562987392,녹지율(시도/시/군/구),2014,충청북도,면적,녹지지역
562687526,녹지율(시도/시/군/구),2015,충청북도,면적,녹지지역
562485857,녹지율(시도/시/군/구),2016,충청북도,면적,녹지지역
561399269,녹지율(시도/시/군/구),2017,충청북도,면적,녹지지역
562555068,녹지율(시도/시/군/구),2018,충청북도,면적,녹지지역
558723743,녹지율(시도/시/군/구),2019,충청북도,면적,녹지지역
557702114,녹지율(시도/시/군/구),2020,충청북도,면적,녹지지역
557825289,녹지율(시도/시/군/구),2021,충청북도,면적,녹지지역
559094873,녹지율(시도/시/군/구),2022,충청북도,면적,녹지지역
558877880,녹지율(시도/시/군/구),2023,충청북도,면적,녹지지역
80.73,녹지율(시도/시/군/구),2008,충청북도,비율,녹지지역
80.51,녹지율(시도/시/군/구),2009,충청북도,비율,녹지지역
79.41,녹지율(시도/시/군/구),2010,충청북도,비율,녹지지역
78.93,녹지율(시도/시/군/구),2011,충청북도,비율,녹지지역
78.78,녹지율(시도/시/군/구),2012,충청북도,비율,녹지지역
78.65,녹지율(시도/시/군/구),2013,충청북도,비율,녹지지역
77.82,녹지율(시도/시/군/구),2014,충청북도,비율,녹지지역
77.66,녹지율(시도/시/군/구),2015,충청북도,비율,녹지지역
77.15,녹지율(시도/시/군/구),2016,충청북도,비율,녹지지역
76.76,녹지율(시도/시/군/구),2017,충청북도,비율,녹지지역
76.96,녹지율(시도/시/군/구),2018,충청북도,비율,녹지지역
75.94,녹지율(시도/시/군/구),2019,충청북도,비율,녹지지역
75.75,녹지율(시도/시/군/구),2020,충청북도,비율,녹지지역
75.68,녹지율(시도/시/군/구),2021,충청북도,비율,녹지지역
75.75,녹지율(시도/시/군/구),2022,충청북도,비율,녹지지역
74.99,녹지율(시도/시/군/구),2023,충청북도,비율,녹지지역
1054730425,녹지율(시도/시/군/구),2008,충청남도,면적,도시지역
1068364000,녹지율(시도/시/군/구),2009,충청남도,면적,도시지역
1041038260,녹지율(시도/시/군/구),2010,충청남도,면적,도시지역
1049638536,녹지율(시도/시/군/구),2011,충청남도,면적,도시지역
911353829,녹지율(시도/시/군/구),2012,충청남도,면적,도시지역
901032944,녹지율(시도/시/군/구),2013,충청남도,면적,도시지역
900758143,녹지율(시도/시/군/구),2014,충청남도,면적,도시지역
903409823,녹지율(시도/시/군/구),2015,충청남도,면적,도시지역
905131392,녹지율(시도/시/군/구),2016,충청남도,면적,도시지역
903897573,녹지율(시도/시/군/구),2017,충청남도,면적,도시지역
904905818,녹지율(시도/시/군/구),2018,충청남도,면적,도시지역
908086503,녹지율(시도/시/군/구),2019,충청남도,면적,도시지역
909043093,녹지율(시도/시/군/구),2020,충청남도,면적,도시지역
912069919,녹지율(시도/시/군/구),2021,충청남도,면적,도시지역
919129887,녹지율(시도/시/군/구),2022,충청남도,면적,도시지역
921188502,녹지율(시도/시/군/구),2023,충청남도,면적,도시지역
674507795,녹지율(시도/시/군/구),2008,충청남도,면적,녹지지역
681627055,녹지율(시도/시/군/구),2009,충청남도,면적,녹지지역
682406500,녹지율(시도/시/군/구),2010,충청남도,면적,녹지지역
689255386,녹지율(시도/시/군/구),2011,충청남도,면적,녹지지역
594438295,녹지율(시도/시/군/구),2012,충청남도,면적,녹지지역
594450491,녹지율(시도/시/군/구),2013,충청남도,면적,녹지지역
592178520,녹지율(시도/시/군/구),2014,충청남도,면적,녹지지역
589217115,녹지율(시도/시/군/구),2015,충청남도,면적,녹지지역
589130718,녹지율(시도/시/군/구),2016,충청남도,면적,녹지지역
588785769,녹지율(시도/시/군/구),2017,충청남도,면적,녹지지역
588537441,녹지율(시도/시/군/구),2018,충청남도,면적,녹지지역
586246612,녹지율(시도/시/군/구),2019,충청남도,면적,녹지지역
584391697,녹지율(시도/시/군/구),2020,충청남도,면적,녹지지역
584473107,녹지율(시도/시/군/구),2021,충청남도,면적,녹지지역
584483779,녹지율(시도/시/군/구),2022,충청남도,면적,녹지지역
581081494,녹지율(시도/시/군/구),2023,충청남도,면적,녹지지역
63.95,녹지율(시도/시/군/구),2008,충청남도,비율,녹지지역
63.8,녹지율(시도/시/군/구),2009,충청남도,비율,녹지지역
65.55,녹지율(시도/시/군/구),2010,충청남도,비율,녹지지역
65.67,녹지율(시도/시/군/구),2011,충청남도,비율,녹지지역
65.23,녹지율(시도/시/군/구),2012,충청남도,비율,녹지지역
65.97,녹지율(시도/시/군/구),2013,충청남도,비율,녹지지역
65.74,녹지율(시도/시/군/구),2014,충청남도,비율,녹지지역
65.22,녹지율(시도/시/군/구),2015,충청남도,비율,녹지지역
65.09,녹지율(시도/시/군/구),2016,충청남도,비율,녹지지역
65.14,녹지율(시도/시/군/구),2017,충청남도,비율,녹지지역
65.04,녹지율(시도/시/군/구),2018,충청남도,비율,녹지지역
64.56,녹지율(시도/시/군/구),2019,충청남도,비율,녹지지역
64.29,녹지율(시도/시/군/구),2020,충청남도,비율,녹지지역
64.08,녹지율(시도/시/군/구),2021,충청남도,비율,녹지지역
63.59,녹지율(시도/시/군/구),2022,충청남도,비율,녹지지역
63.08,녹지율(시도/시/군/구),2023,충청남도,비율,녹지지역
887576860,녹지율(시도/시/군/구),2008,전북특별자치도,면적,도시지역
889423249,녹지율(시도/시/군/구),2009,전북특별자치도,면적,도시지역
891125281,녹지율(시도/시/군/구),2010,전북특별자치도,면적,도시지역
889988898,녹지율(시도/시/군/구),2011,전북특별자치도,면적,도시지역
893563431,녹지율(시도/시/군/구),2012,전북특별자치도,면적,도시지역
885617959,녹지율(시도/시/군/구),2013,전북특별자치도,면적,도시지역
885675046,녹지율(시도/시/군/구),2014,전북특별자치도,면적,도시지역
885497687,녹지율(시도/시/군/구),2015,전북특별자치도,면적,도시지역
885721699,녹지율(시도/시/군/구),2016,전북특별자치도,면적,도시지역
886474119,녹지율(시도/시/군/구),2017,전북특별자치도,면적,도시지역
886474119,녹지율(시도/시/군/구),2018,전북특별자치도,면적,도시지역
886379912,녹지율(시도/시/군/구),2019,전북특별자치도,면적,도시지역
885633881,녹지율(시도/시/군/구),2020,전북특별자치도,면적,도시지역
885638790,녹지율(시도/시/군/구),2021,전북특별자치도,면적,도시지역
884641960,녹지율(시도/시/군/구),2022,전북특별자치도,면적,도시지역
884488242,녹지율(시도/시/군/구),2023,전북특별자치도,면적,도시지역
609206668,녹지율(시도/시/군/구),2008,전북특별자치도,면적,녹지지역
604664328,녹지율(시도/시/군/구),2009,전북특별자치도,면적,녹지지역
603112197,녹지율(시도/시/군/구),2010,전북특별자치도,면적,녹지지역
600724815,녹지율(시도/시/군/구),2011,전북특별자치도,면적,녹지지역
603320465,녹지율(시도/시/군/구),2012,전북특별자치도,면적,녹지지역
608369462,녹지율(시도/시/군/구),2013,전북특별자치도,면적,녹지지역
608117198,녹지율(시도/시/군/구),2014,전북특별자치도,면적,녹지지역
607912386,녹지율(시도/시/군/구),2015,전북특별자치도,면적,녹지지역
607423390,녹지율(시도/시/군/구),2016,전북특별자치도,면적,녹지지역
607036829,녹지율(시도/시/군/구),2017,전북특별자치도,면적,녹지지역
607914845,녹지율(시도/시/군/구),2018,전북특별자치도,면적,녹지지역
604066083,녹지율(시도/시/군/구),2019,전북특별자치도,면적,녹지지역
602061277,녹지율(시도/시/군/구),2020,전북특별자치도,면적,녹지지역
601892629,녹지율(시도/시/군/구),2021,전북특별자치도,면적,녹지지역
599364316,녹지율(시도/시/군/구),2022,전북특별자치도,면적,녹지지역
599407987,녹지율(시도/시/군/구),2023,전북특별자치도,면적,녹지지역
68.64,녹지율(시도/시/군/구),2008,전북특별자치도,비율,녹지지역
67.98,녹지율(시도/시/군/구),2009,전북특별자치도,비율,녹지지역
67.68,녹지율(시도/시/군/구),2010,전북특별자치도,비율,녹지지역
67.5,녹지율(시도/시/군/구),2011,전북특별자치도,비율,녹지지역
67.52,녹지율(시도/시/군/구),2012,전북특별자치도,비율,녹지지역
68.69,녹지율(시도/시/군/구),2013,전북특별자치도,비율,녹지지역
68.66,녹지율(시도/시/군/구),2014,전북특별자치도,비율,녹지지역
68.65,녹지율(시도/시/군/구),2015,전북특별자치도,비율,녹지지역
68.58,녹지율(시도/시/군/구),2016,전북특별자치도,비율,녹지지역
68.48,녹지율(시도/시/군/구),2017,전북특별자치도,비율,녹지지역
68.58,녹지율(시도/시/군/구),2018,전북특별자치도,비율,녹지지역
68.15,녹지율(시도/시/군/구),2019,전북특별자치도,비율,녹지지역
67.98,녹지율(시도/시/군/구),2020,전북특별자치도,비율,녹지지역
67.96,녹지율(시도/시/군/구),2021,전북특별자치도,비율,녹지지역
67.75,녹지율(시도/시/군/구),2022,전북특별자치도,비율,녹지지역
67.77,녹지율(시도/시/군/구),2023,전북특별자치도,비율,녹지지역
1670113161,녹지율(시도/시/군/구),2008,전라남도,면적,도시지역
1738382586,녹지율(시도/시/군/구),2009,전라남도,면적,도시지역
1747196695,녹지율(시도/시/군/구),2010,전라남도,면적,도시지역
1725763011,녹지율(시도/시/군/구),2011,전라남도,면적,도시지역
1729390899,녹지율(시도/시/군/구),2012,전라남도,면적,도시지역
1730720686,녹지율(시도/시/군/구),2013,전라남도,면적,도시지역
1727641644,녹지율(시도/시/군/구),2014,전라남도,면적,도시지역
1728970750,녹지율(시도/시/군/구),2015,전라남도,면적,도시지역
1697909454,녹지율(시도/시/군/구),2016,전라남도,면적,도시지역
1698905643,녹지율(시도/시/군/구),2017,전라남도,면적,도시지역
1718429832,녹지율(시도/시/군/구),2018,전라남도,면적,도시지역
1718458198,녹지율(시도/시/군/구),2019,전라남도,면적,도시지역
1719363436,녹지율(시도/시/군/구),2020,전라남도,면적,도시지역
1720423117,녹지율(시도/시/군/구),2021,전라남도,면적,도시지역
1720488398,녹지율(시도/시/군/구),2022,전라남도,면적,도시지역
1655892649,녹지율(시도/시/군/구),2023,전라남도,면적,도시지역
1187784451,녹지율(시도/시/군/구),2008,전라남도,면적,녹지지역
1183680523,녹지율(시도/시/군/구),2009,전라남도,면적,녹지지역
1176660365,녹지율(시도/시/군/구),2010,전라남도,면적,녹지지역
1175732843,녹지율(시도/시/군/구),2011,전라남도,면적,녹지지역
1175420960,녹지율(시도/시/군/구),2012,전라남도,면적,녹지지역
1174942655,녹지율(시도/시/군/구),2013,전라남도,면적,녹지지역
1174505877,녹지율(시도/시/군/구),2014,전라남도,면적,녹지지역
1172744289,녹지율(시도/시/군/구),2015,전라남도,면적,녹지지역
1167624600,녹지율(시도/시/군/구),2016,전라남도,면적,녹지지역
1166980043,녹지율(시도/시/군/구),2017,전라남도,면적,녹지지역
1175930564,녹지율(시도/시/군/구),2018,전라남도,면적,녹지지역
1180182382,녹지율(시도/시/군/구),2019,전라남도,면적,녹지지역
1177688806,녹지율(시도/시/군/구),2020,전라남도,면적,녹지지역
1175286666,녹지율(시도/시/군/구),2021,전라남도,면적,녹지지역
1174697856,녹지율(시도/시/군/구),2022,전라남도,면적,녹지지역
1175173262,녹지율(시도/시/군/구),2023,전라남도,면적,녹지지역
71.12,녹지율(시도/시/군/구),2008,전라남도,비율,녹지지역
68.09,녹지율(시도/시/군/구),2009,전라남도,비율,녹지지역
67.35,녹지율(시도/시/군/구),2010,전라남도,비율,녹지지역
68.13,녹지율(시도/시/군/구),2011,전라남도,비율,녹지지역
67.97,녹지율(시도/시/군/구),2012,전라남도,비율,녹지지역
67.89,녹지율(시도/시/군/구),2013,전라남도,비율,녹지지역
67.98,녹지율(시도/시/군/구),2014,전라남도,비율,녹지지역
67.83,녹지율(시도/시/군/구),2015,전라남도,비율,녹지지역
68.77,녹지율(시도/시/군/구),2016,전라남도,비율,녹지지역
68.69,녹지율(시도/시/군/구),2017,전라남도,비율,녹지지역
68.43,녹지율(시도/시/군/구),2018,전라남도,비율,녹지지역
68.68,녹지율(시도/시/군/구),2019,전라남도,비율,녹지지역
68.5,녹지율(시도/시/군/구),2020,전라남도,비율,녹지지역
68.31,녹지율(시도/시/군/구),2021,전라남도,비율,녹지지역
68.28,녹지율(시도/시/군/구),2022,전라남도,비율,녹지지역
70.97,녹지율(시도/시/군/구),2023,전라남도,비율,녹지지역
1773005400,녹지율(시도/시/군/구),2008,경상북도,면적,도시지역
1768211310,녹지율(시도/시/군/구),2009,경상북도,면적,도시지역
1831356118,녹지율(시도/시/군/구),2010,경상북도,면적,도시지역
1834757408,녹지율(시도/시/군/구),2011,경상북도,면적,도시지역
1842786082,녹지율(시도/시/군/구),2012,경상북도,면적,도시지역
1847438673,녹지율(시도/시/군/구),2013,경상북도,면적,도시지역
1849864949,녹지율(시도/시/군/구),2014,경상북도,면적,도시지역
1850243160,녹지율(시도/시/군/구),2015,경상북도,면적,도시지역
1855416781,녹지율(시도/시/군/구),2016,경상북도,면적,도시지역
1856748798,녹지율(시도/시/군/구),2017,경상북도,면적,도시지역
1866786485,녹지율(시도/시/군/구),2018,경상북도,면적,도시지역
1879985260,녹지율(시도/시/군/구),2019,경상북도,면적,도시지역
1879972483,녹지율(시도/시/군/구),2020,경상북도,면적,도시지역
1879078335,녹지율(시도/시/군/구),2021,경상북도,면적,도시지역
1877732907,녹지율(시도/시/군/구),2022,경상북도,면적,도시지역
1870996639,녹지율(시도/시/군/구),2023,경상북도,면적,도시지역
1330836799,녹지율(시도/시/군/구),2008,경상북도,면적,녹지지역
1329497985,녹지율(시도/시/군/구),2009,경상북도,면적,녹지지역
1374005317,녹지율(시도/시/군/구),2010,경상북도,면적,녹지지역
1370778755,녹지율(시도/시/군/구),2011,경상북도,면적,녹지지역
1368561957,녹지율(시도/시/군/구),2012,경상북도,면적,녹지지역
1368414394,녹지율(시도/시/군/구),2013,경상북도,면적,녹지지역
1369446101,녹지율(시도/시/군/구),2014,경상북도,면적,녹지지역
1368533499,녹지율(시도/시/군/구),2015,경상북도,면적,녹지지역
1365652259,녹지율(시도/시/군/구),2016,경상북도,면적,녹지지역
1363503396,녹지율(시도/시/군/구),2017,경상북도,면적,녹지지역
1364764124,녹지율(시도/시/군/구),2018,경상북도,면적,녹지지역
1377251002,녹지율(시도/시/군/구),2019,경상북도,면적,녹지지역
1376103929,녹지율(시도/시/군/구),2020,경상북도,면적,녹지지역
1375422427,녹지율(시도/시/군/구),2021,경상북도,면적,녹지지역
1374659977,녹지율(시도/시/군/구),2022,경상북도,면적,녹지지역
1367890979,녹지율(시도/시/군/구),2023,경상북도,면적,녹지지역
75.06,녹지율(시도/시/군/구),2008,경상북도,비율,녹지지역
75.19,녹지율(시도/시/군/구),2009,경상북도,비율,녹지지역
75.03,녹지율(시도/시/군/구),2010,경상북도,비율,녹지지역
74.71,녹지율(시도/시/군/구),2011,경상북도,비율,녹지지역
74.27,녹지율(시도/시/군/구),2012,경상북도,비율,녹지지역
74.07,녹지율(시도/시/군/구),2013,경상북도,비율,녹지지역
74.03,녹지율(시도/시/군/구),2014,경상북도,비율,녹지지역
73.97,녹지율(시도/시/군/구),2015,경상북도,비율,녹지지역
73.6,녹지율(시도/시/군/구),2016,경상북도,비율,녹지지역
73.43,녹지율(시도/시/군/구),2017,경상북도,비율,녹지지역
73.11,녹지율(시도/시/군/구),2018,경상북도,비율,녹지지역
73.26,녹지율(시도/시/군/구),2019,경상북도,비율,녹지지역
73.2,녹지율(시도/시/군/구),2020,경상북도,비율,녹지지역
73.2,녹지율(시도/시/군/구),2021,경상북도,비율,녹지지역
73.21,녹지율(시도/시/군/구),2022,경상북도,비율,녹지지역
73.11,녹지율(시도/시/군/구),2023,경상북도,비율,녹지지역
1956889974,녹지율(시도/시/군/구),2008,경상남도,면적,도시지역
1963756963,녹지율(시도/시/군/구),2009,경상남도,면적,도시지역
1877455242,녹지율(시도/시/군/구),2010,경상남도,면적,도시지역
1879998259,녹지율(시도/시/군/구),2011,경상남도,면적,도시지역
1887860832,녹지율(시도/시/군/구),2012,경상남도,면적,도시지역
1893863908,녹지율(시도/시/군/구),2013,경상남도,면적,도시지역
1892833064,녹지율(시도/시/군/구),2014,경상남도,면적,도시지역
1896271107,녹지율(시도/시/군/구),2015,경상남도,면적,도시지역
1889759767,녹지율(시도/시/군/구),2016,경상남도,면적,도시지역
1892605781,녹지율(시도/시/군/구),2017,경상남도,면적,도시지역
2007719820,녹지율(시도/시/군/구),2018,경상남도,면적,도시지역
2008568781,녹지율(시도/시/군/구),2019,경상남도,면적,도시지역
2004845346,녹지율(시도/시/군/구),2020,경상남도,면적,도시지역
2007710621,녹지율(시도/시/군/구),2021,경상남도,면적,도시지역
2007539323,녹지율(시도/시/군/구),2022,경상남도,면적,도시지역
2009783733,녹지율(시도/시/군/구),2023,경상남도,면적,도시지역
1492453774,녹지율(시도/시/군/구),2008,경상남도,면적,녹지지역
1492721160,녹지율(시도/시/군/구),2009,경상남도,면적,녹지지역
1488340810,녹지율(시도/시/군/구),2010,경상남도,면적,녹지지역
1479633713,녹지율(시도/시/군/구),2011,경상남도,면적,녹지지역
1481613292,녹지율(시도/시/군/구),2012,경상남도,면적,녹지지역
1482998299,녹지율(시도/시/군/구),2013,경상남도,면적,녹지지역
1478635298,녹지율(시도/시/군/구),2014,경상남도,면적,녹지지역
1477490676,녹지율(시도/시/군/구),2015,경상남도,면적,녹지지역
1477619147,녹지율(시도/시/군/구),2016,경상남도,면적,녹지지역
1475224553,녹지율(시도/시/군/구),2017,경상남도,면적,녹지지역
1474575866,녹지율(시도/시/군/구),2018,경상남도,면적,녹지지역
1473933845,녹지율(시도/시/군/구),2019,경상남도,면적,녹지지역
1474005446,녹지율(시도/시/군/구),2020,경상남도,면적,녹지지역
1470869189,녹지율(시도/시/군/구),2021,경상남도,면적,녹지지역
1465596323,녹지율(시도/시/군/구),2022,경상남도,면적,녹지지역
1467107440,녹지율(시도/시/군/구),2023,경상남도,면적,녹지지역
76.27,녹지율(시도/시/군/구),2008,경상남도,비율,녹지지역
76.01,녹지율(시도/시/군/구),2009,경상남도,비율,녹지지역
79.27,녹지율(시도/시/군/구),2010,경상남도,비율,녹지지역
78.7,녹지율(시도/시/군/구),2011,경상남도,비율,녹지지역
78.48,녹지율(시도/시/군/구),2012,경상남도,비율,녹지지역
78.31,녹지율(시도/시/군/구),2013,경상남도,비율,녹지지역
78.12,녹지율(시도/시/군/구),2014,경상남도,비율,녹지지역
77.92,녹지율(시도/시/군/구),2015,경상남도,비율,녹지지역
78.19,녹지율(시도/시/군/구),2016,경상남도,비율,녹지지역
77.95,녹지율(시도/시/군/구),2017,경상남도,비율,녹지지역
73.45,녹지율(시도/시/군/구),2018,경상남도,비율,녹지지역
73.38,녹지율(시도/시/군/구),2019,경상남도,비율,녹지지역
73.52,녹지율(시도/시/군/구),2020,경상남도,비율,녹지지역
73.26,녹지율(시도/시/군/구),2021,경상남도,비율,녹지지역
73,녹지율(시도/시/군/구),2022,경상남도,비율,녹지지역
73,녹지율(시도/시/군/구),2023,경상남도,비율,녹지지역
407330822,녹지율(시도/시/군/구),2008,제주특별자치도,면적,도시지역
407552750,녹지율(시도/시/군/구),2009,제주특별자치도,면적,도시지역
453171778,녹지율(시도/시/군/구),2010,제주특별자치도,면적,도시지역
453171778,녹지율(시도/시/군/구),2011,제주특별자치도,면적,도시지역
453171778,녹지율(시도/시/군/구),2012,제주특별자치도,면적,도시지역
453171778,녹지율(시도/시/군/구),2013,제주특별자치도,면적,도시지역
453171778,녹지율(시도/시/군/구),2014,제주특별자치도,면적,도시지역
453171778,녹지율(시도/시/군/구),2015,제주특별자치도,면적,도시지역
453171778,녹지율(시도/시/군/구),2016,제주특별자치도,면적,도시지역
470411358,녹지율(시도/시/군/구),2017,제주특별자치도,면적,도시지역
470628248,녹지율(시도/시/군/구),2018,제주특별자치도,면적,도시지역
470628248,녹지율(시도/시/군/구),2019,제주특별자치도,면적,도시지역
469737358,녹지율(시도/시/군/구),2020,제주특별자치도,면적,도시지역
469737358,녹지율(시도/시/군/구),2021,제주특별자치도,면적,도시지역
469737358,녹지율(시도/시/군/구),2022,제주특별자치도,면적,도시지역
469737358,녹지율(시도/시/군/구),2023,제주특별자치도,면적,도시지역
334632103,녹지율(시도/시/군/구),2008,제주특별자치도,면적,녹지지역
334679021,녹지율(시도/시/군/구),2009,제주특별자치도,면적,녹지지역
379012756,녹지율(시도/시/군/구),2010,제주특별자치도,면적,녹지지역
379012756,녹지율(시도/시/군/구),2011,제주특별자치도,면적,녹지지역
379012756,녹지율(시도/시/군/구),2012,제주특별자치도,면적,녹지지역
379012756,녹지율(시도/시/군/구),2013,제주특별자치도,면적,녹지지역
379012756,녹지율(시도/시/군/구),2014,제주특별자치도,면적,녹지지역
379012756,녹지율(시도/시/군/구),2015,제주특별자치도,면적,녹지지역
379012756,녹지율(시도/시/군/구),2016,제주특별자치도,면적,녹지지역
388951845,녹지율(시도/시/군/구),2017,제주특별자치도,면적,녹지지역
388960010,녹지율(시도/시/군/구),2018,제주특별자치도,면적,녹지지역
388960010,녹지율(시도/시/군/구),2019,제주특별자치도,면적,녹지지역
388270154,녹지율(시도/시/군/구),2020,제주특별자치도,면적,녹지지역
388270154,녹지율(시도/시/군/구),2021,제주특별자치도,면적,녹지지역
388270154,녹지율(시도/시/군/구),2022,제주특별자치도,면적,녹지지역
387946385,녹지율(시도/시/군/구),2023,제주특별자치도,면적,녹지지역
82.15,녹지율(시도/시/군/구),2008,제주특별자치도,비율,녹지지역
82.12,녹지율(시도/시/군/구),2009,제주특별자치도,비율,녹지지역
83.64,녹지율(시도/시/군/구),2010,제주특별자치도,비율,녹지지역
83.64,녹지율(시도/시/군/구),2011,제주특별자치도,비율,녹지지역
83.64,녹지율(시도/시/군/구),2012,제주특별자치도,비율,녹지지역
83.64,녹지율(시도/시/군/구),2013,제주특별자치도,비율,녹지지역
83.64,녹지율(시도/시/군/구),2014,제주특별자치도,비율,녹지지역
83.64,녹지율(시도/시/군/구),2015,제주특별자치도,비율,녹지지역
83.64,녹지율(시도/시/군/구),2016,제주특별자치도,비율,녹지지역
82.68,녹지율(시도/시/군/구),2017,제주특별자치도,비율,녹지지역
82.65,녹지율(시도/시/군/구),2018,제주특별자치도,비율,녹지지역
82.65,녹지율(시도/시/군/구),2019,제주특별자치도,비율,녹지지역
82.66,녹지율(시도/시/군/구),2020,제주특별자치도,비율,녹지지역
82.66,녹지율(시도/시/군/구),2021,제주특별자치도,비율,녹지지역
82.66,녹지율(시도/시/군/구),2022,제주특별자치도,비율,녹지지역
82.59,녹지율(시도/시/군/구),2023,제주특별자치도,비율,녹지지역
139983328,녹지율(시도/시/군/구),2012,세종특별자치시,면적,도시지역
140413907,녹지율(시도/시/군/구),2013,세종특별자치시,면적,도시지역
140971318,녹지율(시도/시/군/구),2014,세종특별자치시,면적,도시지역
140971433,녹지율(시도/시/군/구),2015,세종특별자치시,면적,도시지역
140971433,녹지율(시도/시/군/구),2016,세종특별자치시,면적,도시지역
141468621,녹지율(시도/시/군/구),2017,세종특별자치시,면적,도시지역
142715907,녹지율(시도/시/군/구),2018,세종특별자치시,면적,도시지역
142715907,녹지율(시도/시/군/구),2019,세종특별자치시,면적,도시지역
142495482,녹지율(시도/시/군/구),2020,세종특별자치시,면적,도시지역
143324836,녹지율(시도/시/군/구),2021,세종특별자치시,면적,도시지역
141833041,녹지율(시도/시/군/구),2022,세종특별자치시,면적,도시지역
141833041,녹지율(시도/시/군/구),2023,세종특별자치시,면적,도시지역
99777811,녹지율(시도/시/군/구),2012,세종특별자치시,면적,녹지지역
99777811,녹지율(시도/시/군/구),2013,세종특별자치시,면적,녹지지역
99317087,녹지율(시도/시/군/구),2014,세종특별자치시,면적,녹지지역
98992747,녹지율(시도/시/군/구),2015,세종특별자치시,면적,녹지지역
98992747,녹지율(시도/시/군/구),2016,세종특별자치시,면적,녹지지역
97625665,녹지율(시도/시/군/구),2017,세종특별자치시,면적,녹지지역
98705006,녹지율(시도/시/군/구),2018,세종특별자치시,면적,녹지지역
98705006,녹지율(시도/시/군/구),2019,세종특별자치시,면적,녹지지역
97277636,녹지율(시도/시/군/구),2020,세종특별자치시,면적,녹지지역
97420469,녹지율(시도/시/군/구),2021,세종특별자치시,면적,녹지지역
97420469,녹지율(시도/시/군/구),2022,세종특별자치시,면적,녹지지역
97420469,녹지율(시도/시/군/구),2023,세종특별자치시,면적,녹지지역
71.28,녹지율(시도/시/군/구),2012,세종특별자치시,비율,녹지지역
71.06,녹지율(시도/시/군/구),2013,세종특별자치시,비율,녹지지역
70.45,녹지율(시도/시/군/구),2014,세종특별자치시,비율,녹지지역
70.22,녹지율(시도/시/군/구),2015,세종특별자치시,비율,녹지지역
70.22,녹지율(시도/시/군/구),2016,세종특별자치시,비율,녹지지역
69.01,녹지율(시도/시/군/구),2017,세종특별자치시,비율,녹지지역
69.16,녹지율(시도/시/군/구),2018,세종특별자치시,비율,녹지지역
69.16,녹지율(시도/시/군/구),2019,세종특별자치시,비율,녹지지역
68.27,녹지율(시도/시/군/구),2020,세종특별자치시,비율,녹지지역
67.97,녹지율(시도/시/군/구),2021,세종특별자치시,비율,녹지지역
68.69,녹지율(시도/시/군/구),2022,세종특별자치시,비율,녹지지역
68.69,녹지율(시도/시/군/구),2023,세종특별자치시,비율,녹지지역
